語句,出現回数,以下略
this,79,img,4,x,6,y,9,delay,2,landed,3,true,1,vx,1,vy,1,blocks,2,list,1,balls,1,new,12,array,2,pre,3,launch,3,pos,3,d,7,e,12,f,6,a,14,u,6,l,9,t,12,s,8,r,6,p,8,o,7,y),1,any,1,false,4,life,1,top,1,bottom,1,left,1,right,1,game,5,state,6,c,7,i,8,k,1,w,3,screen,4,component)renderer,1,block,3,manager,5,block),1,ball,5,get,5,score,4,renderer,3,session,1,state),3,m,4,n,7,key,1,pressed,1,space,1,wave,2,count,5,b,1,sound,1,url,1,surl,1,is,3,loop,3,listener,1,playback,1,pthread,1,play,1,ax,1,ay,1,bx,1,by,1,oparity,1,opacity,1,g,5,text,2,up,1,name,1,level,1,max,3,h,6,stats,1,p*,1,)*level/,1,+level),1,front,1,image,2,j,2,default,2,png"),2,scaled,2,java,2,awt,2,h))),2,back,1,math,2,p-num),1,p+num,1,p),1,info,1,mode,6,panel,1,character,3,display,2,value,2,progress,4,bar,4,
img,15,this,4,ball,2,src,1,blocks,1,i,11,image,10,util,1,o,9,game,9,class,9,get,9,resource,9,as,9,r,10,e,9,s,10,u,9,c,9,e+"ball,1,png")),6,block,1,e+"block-dark,1,bonus,1,panel,2,e+"bonus,1,hexagon,1,back,1,e+"hexagon-back,1,jpeg")),2,floor,1,e+"floor,1,gloss,1,e+"gloss-panel,1,gameover,1,e+"gameover,1,jpg")),1,logo,1,e+"logo,1,up,1,e+",1,p,1,y,1,f,1,t,1,m,1,g,1,
x,8,this,6,pre,3,launch,3,pos,4,new,1,d,2,e,3,f,2,a,2,u,2,l,2,t,3,s,2,r,2,p,2,o,2,y),1,get,2,game,1,state,1,mouse,1,ev,1,text,1,y,1,
y,15,this,9,pre,2,launch,2,pos,3,d,3,e,6,f,5,a,4,u,3,l,5,t,4,s,4,r,4,p,2,o,4,game,4,state,2,b,1,i,5,n,1,g,2,y-,1,ball,1,z,1,cursor,1,m,2,c,2,toolkit,1,get,2,default,1,create,1,custom,1,image,1,class,1,resource,1,as,1,e+"cursor,1,png")),1,new,1,),1,"my,1,cross,1,cursor"),1,mouse,1,ev,1,opacity,1,img,1,delay,1,text,4,x,1,is,3,up,3,false,2,true,1,
delay,3,this,2,d,1,e,1,l,1,a,1,y,1,
landed,4,this,3,true,2,any,2,false,1,
true,11,this,1,landed,2,any,1,is,2,void,1,r,1,game,1,state,1,key,1,pressed,1,space,1,text,1,y,1,up,1,f,2,music,2,stop,1,flag,2,n,1,player,2,turn,2,
vx,1,this,1,
vy,1,this,1,
is,7,prepare,1,launch,1,pos,1,void,1,r,1,true,2,this,3,loop,2,false,3,text,3,y,3,up,3,
prepare,1,is,1,launch,1,pos,1,
launch,6,is,1,prepare,1,pos,6,this,3,pre,5,new,1,d,3,e,4,f,4,a,3,u,3,l,4,t,3,s,4,r,4,p,3,o,4,x,3,y),1,y,2,get,1,game,1,y-,1,ball,1,i,1,z,1,
pos,9,is,1,prepare,1,launch,6,this,3,pre,5,new,1,d,3,e,4,f,4,a,3,u,3,l,4,t,3,s,4,r,4,p,3,o,4,x,4,y),1,y,3,get,3,game,3,y-,1,ball,1,i,1,z,1,bonus,1,void,1,poslist,1,),1,state,2,mouse,2,ev,2,
ball,14,img,2,src,1,num,2,new,3,visible,2,balls,1,),1,game,4,state,2,state),2,v,1,pre,1,launch,1,pos,1,y,1,f,2,l,2,o,3,r,2,y-,1,s,2,i,2,z,1,e,3,image,1,class,1,get,2,resource,1,as,1,u,2,c,2,e+"ball,1,png")),1,this,5,manager,3,block,1,count,4,d,1,a,1,t,1,b,1,n,2,
src,1,img,1,ball,1,
blocks,3,this,2,list,1,new,1,array,1,img,1,i,1,image,1,util,1,
list,1,this,1,blocks,1,
balls,2,this,1,new,1,array,1,visible,1,ball,1,),1,
new,124,this,12,balls,1,array,4,pre,1,launch,1,pos,1,d,8,e,5,f,3,a,9,u,3,l,9,t,6,s,5,r,3,p,8,o,7,x,1,y),1,num,2,ball,3,blocks,1,cursor,2,m,13,y,1,c,5,toolkit,1,get,8,default,3,create,1,custom,1,image,29,i,25,game,4,class,2,resource,1,as,1,e+"cursor,1,png")),1,),16,"my,1,cross,1,cursor"),1,r),1,state,1,block,2,manager,2,block),1,score,1,renderer,2,session,1,mp,2,menu,1,true),4,main,2,loop,1,listener,2,playback,1,pthread,2,play,4,player,1,advanced,1,bonus,1,poses,1,frame,2,fighting,1,front,1,j,43,png"),26,scaled,2,java,2,awt,2,h))),2,back,3,window,1,panel,3,info,5,layout,1,card,1,font,5,century",3,n,9,label,6,button,5,screen,3,transition,3,to,3,adventure,1,adventureへ画面遷移"),1,battle,1,battleへ画面遷移"),1,item,1,itemへ画面遷移"),1,title,1,character,5,)),2,name,1,level,1,hp,1,bar,1,progress,1,timer,1,this),1,b,2,g,1,sound,9,wav"),8,layered,1,login,2,login),1,text,2,send,2,white,1,icon,3,red,1,blue,1,redcoma,2,bluecoma,2,pass,2,dice,6,diceq,1,win,3,lose,3,playway,2,moff,2,fボタン,1,mon,2,nボタン,1,coma,5,course,4,lab,14,icon),7,startgoal,5,b),1,win),1,lose),1,playway),1,turn,1,com,1,out,4,print,4,output,2,step,1,walk,2,start,1,socket,3,pname,1,data,1,line,1,clip,1,format),1,thread,3,time=,1,system,1,current,1,time,1,/,1,;clip,1,flag){clip,1,time<,1,);}else{clip,1,interrupted,1,exceptione){e,1,stack,1,incoming,2,max,5,connection,5,isr,3,input,2,stream,2,reader,2,in,3,buffered,2,writer,1,my,2,client,2,proc,2,buttons,1,
array,4,this,2,balls,1,new,4,blocks,1,bonus,1,poses,1,panel,1,info,1,
pre,5,this,3,launch,5,pos,5,new,1,d,3,e,4,f,4,a,3,u,3,l,4,t,3,s,4,r,4,p,3,o,4,x,3,y),1,y,2,get,1,game,1,y-,1,ball,1,i,1,z,1,
d,19,this,7,pre,3,launch,3,pos,3,new,8,e,11,f,7,a,10,u,7,l,11,t,7,s,6,r,5,p,5,o,10,x,2,y),1,y,3,game,3,state,2,b,3,c,8,k,3,w,3,n,5,block,1,down,1,speed,1,right,1,btm,1,cursor,1,r),1,i,3,ball,1,count,1,manager,1,opacity,1,delay,1,select,1,mode,2,enum,1,m,1,progress,1,bar,1,g,1,image,6,png"),6,
e,39,this,12,pre,4,launch,4,pos,4,new,5,d,11,f,10,a,18,u,25,l,19,t,16,s,24,r,24,p,10,o,28,x,3,y),1,y,6,game,21,y-,1,ball,3,i,20,z,1,state,5,g,3,m,12,v,2,block,2,down,1,speed,1,b,3,c,25,k,3,w,2,n,9,location,2,img,9,image,12,class,14,get,16,resource,10,as,10,e+"ball,1,png")),7,e+"block-dark,1,bonus,1,panel,2,e+"bonus,1,hexagon,1,back,2,e+"hexagon-back,1,jpeg")),2,floor,1,e+"floor,1,gloss,1,e+"gloss-panel,1,gameover,1,e+"gameover,1,jpg")),1,logo,1,e+"logo,1,up,1,e+",1,cursor,2,toolkit,1,default,3,create,1,custom,1,e+"cursor,1,),1,"my,1,cross,1,cursor"),1,r),1,url,4,menu,1,e+"dance,1,"),4,main,1,e+"digitalworld,1,explosion,1,e+"explosion,1,coin,1,e+"coin,1,run,1,checker,1,h,1,count,1,manager,1,opacity,1,delay,1,text,1,select,2,mode,5,enum,2,front,1,j,2,png"),2,scaled,2,java,2,awt,2,h))),2,screen,1,progress,2,bar,2,
f,20,this,6,pre,4,launch,4,pos,4,new,3,d,7,e,10,a,8,u,7,l,11,t,10,s,7,r,6,p,5,o,9,x,2,y),1,y,5,game,2,state,1,b,3,i,4,n,3,g,2,y-,1,ball,2,z,1,block,1,down,1,speed,1,c,4,k,1,w,1,location,2,cursor,1,r),1,count,1,manager,1,opacity,1,img,1,m,1,music,3,true,2,moff,1,image,1,fボタン,1,png"),1,step,4,false,1,
a,32,this,14,pre,3,launch,3,pos,3,new,9,d,10,e,18,f,8,u,12,l,23,t,18,s,9,r,10,p,10,o,13,x,2,y),1,y,4,game,8,state,8,b,5,i,19,n,18,g,7,c,14,k,6,w,7,m,8,v,2,block,1,down,1,speed,1,rand,1,next,1,h,2,z,1,l),1,left,1,top,1,cursor,1,r),1,run,1,checker,1,ball,1,count,1,manager,1,opacity,1,delay,1,select,1,mode,6,enum,1,front,1,image,2,j,2,default,2,png"),2,get,2,scaled,2,java,2,awt,2,h))),2,back,1,font,5,century",3,),5,progress,5,bar,5,
u,26,this,6,pre,3,launch,3,pos,3,new,3,d,7,e,25,f,7,a,12,l,10,t,10,s,19,r,21,p,10,o,23,x,2,y),1,y,3,block,2,down,1,speed,1,b,4,c,20,k,3,w,1,n,7,rand,1,next,1,m,9,h,2,i,15,z,1,l),1,img,9,ball,2,image,10,game,16,class,14,get,14,resource,10,as,10,e+"ball,1,png")),7,e+"block-dark,1,bonus,1,panel,2,e+"bonus,1,hexagon,1,back,1,e+"hexagon-back,1,jpeg")),2,floor,1,e+"floor,1,gloss,1,e+"gloss-panel,1,gameover,1,e+"gameover,1,jpg")),1,logo,1,e+"logo,1,up,1,e+",1,cursor,2,toolkit,1,default,1,create,1,custom,1,e+"cursor,1,),1,"my,1,cross,1,cursor"),1,r),1,url,4,menu,1,e+"dance,1,"),4,main,1,e+"digitalworld,1,explosion,1,e+"explosion,1,coin,1,e+"coin,1,run,1,checker,1,v,1,state,3,count,1,manager,1,opacity,1,
l,30,this,9,pre,4,launch,4,pos,4,new,9,d,11,e,19,f,11,a,23,u,10,t,19,s,8,r,8,p,10,o,15,x,2,y),1,y,5,game,10,state,7,b,6,i,16,n,13,g,1,y-,1,ball,2,z,2,c,14,k,8,w,6,block,1,down,1,speed,1,rand,1,next,1,m,5,h,2,l),1,location,2,cursor,1,r),1,run,1,checker,1,v,1,count,1,manager,1,opacity,1,delay,1,select,2,mode,3,enum,2,front,1,image,2,j,2,default,2,png"),2,get,2,scaled,2,java,2,awt,2,h))),2,back,1,screen,1,font,5,century",3,),5,
t,32,this,12,pre,3,launch,3,pos,3,new,6,d,7,e,16,f,10,a,18,u,10,l,19,s,8,r,10,p,7,o,15,x,3,y),1,y,4,game,5,state,4,c,11,i,14,k,6,w,7,block,1,down,1,speed,1,b,6,n,8,rand,1,next,1,m,7,h,4,z,1,l),1,location,8,g,6,cursor,1,r),1,run,1,checker,1,v,1,ball,1,count,1,manager,1,opacity,1,img,1,text,3,select,1,mode,5,enum,1,front,1,image,2,j,4,default,2,png"),2,get,2,scaled,2,java,2,awt,2,h))),2,back,1,screen,1,progress,3,bar,3,
s,26,this,8,pre,4,launch,4,pos,4,new,5,d,6,e,24,f,7,a,9,u,19,l,8,t,8,r,22,p,9,o,22,x,2,y),1,y,4,game,15,y-,1,ball,2,i,14,z,1,block,2,down,1,speed,1,b,1,c,20,k,1,w,1,n,3,img,10,image,12,class,14,get,16,resource,10,as,10,e+"ball,1,png")),7,e+"block-dark,1,bonus,1,panel,2,e+"bonus,1,hexagon,1,back,2,e+"hexagon-back,1,jpeg")),2,floor,1,e+"floor,1,gloss,1,e+"gloss-panel,1,gameover,1,e+"gameover,1,jpg")),1,logo,1,e+"logo,1,up,1,e+",1,cursor,2,m,8,toolkit,1,default,3,create,1,custom,1,e+"cursor,1,),1,"my,1,cross,1,cursor"),1,r),1,url,4,menu,1,e+"dance,1,"),4,main,1,e+"digitalworld,1,explosion,1,e+"explosion,1,coin,1,e+"coin,1,g,3,front,1,j,2,png"),2,scaled,2,java,2,awt,2,h))),2,mode,2,progress,2,bar,2,socket,1,
r,35,this,6,pre,4,launch,4,pos,4,new,3,d,5,e,24,f,6,a,10,u,21,l,8,t,10,s,22,p,8,o,22,x,2,y),1,y,4,game,17,y-,1,ball,2,i,19,z,2,state,2,g,6,m,9,v,2,rand,1,next,1,n,5,b,2,c,19,k,2,h,4,l),1,is,1,void,1,true,1,location,2,img,10,image,10,class,14,get,14,resource,10,as,10,e+"ball,1,png")),7,block,1,e+"block-dark,1,bonus,1,panel,2,e+"bonus,1,hexagon,1,back,1,e+"hexagon-back,1,jpeg")),2,floor,1,e+"floor,1,gloss,1,e+"gloss-panel,1,gameover,1,e+"gameover,1,jpg")),1,logo,1,e+"logo,1,up,1,e+",1,cursor,2,toolkit,1,default,1,create,1,custom,1,e+"cursor,1,),1,"my,1,cross,1,cursor"),1,r),1,url,4,menu,1,e+"dance,1,"),4,main,1,e+"digitalworld,1,explosion,1,e+"explosion,1,coin,1,e+"coin,1,run,1,checker,1,mode,2,progress,2,bar,2,bcomaplace,6,newint,1,j,1,-,3,coma,4,num,2,redcomanum,1,place,2,bluecomanum,1,
p,23,this,8,pre,3,launch,3,pos,3,new,8,d,5,e,10,f,5,a,10,u,10,l,10,t,7,s,9,r,8,o,12,x,2,y),1,y,2,block,1,down,1,speed,1,b,1,c,7,k,1,w,1,n,6,location,2,img,1,up,1,image,1,i,7,game,6,class,5,get,5,resource,1,as,1,e+",1,png")),1,url,4,menu,2,m,6,e+"dance,1,"),4,main,2,e+"digitalworld,1,explosion,1,e+"explosion,1,coin,1,e+"coin,1,mp,2,true),2,opacity,1,max,3,h,4,stats,1,p*,1,)*level/,1,+level),1,math,2,p-num),1,p+num,1,p),1,font,5,century",3,),5,
o,36,this,7,pre,4,launch,4,pos,4,new,7,d,10,e,28,f,9,a,13,u,23,l,15,t,15,s,22,r,22,p,12,x,2,y),1,y,4,game,20,y-,1,ball,3,i,14,z,2,state,4,b,7,c,24,k,4,w,3,n,6,g,1,m,13,v,1,block,2,down,1,speed,1,rand,1,next,1,h,1,l),1,location,4,img,9,image,14,class,14,get,16,resource,10,as,10,e+"ball,1,png")),7,e+"block-dark,1,bonus,1,panel,2,e+"bonus,1,hexagon,1,back,2,e+"hexagon-back,1,jpeg")),2,floor,1,e+"floor,1,gloss,1,e+"gloss-panel,1,gameover,1,e+"gameover,1,jpg")),1,logo,1,e+"logo,1,up,1,e+",1,cursor,2,toolkit,1,default,3,create,1,custom,1,e+"cursor,1,),1,"my,1,cross,1,cursor"),1,r),1,url,4,menu,1,e+"dance,1,"),4,main,1,e+"digitalworld,1,explosion,1,e+"explosion,1,coin,1,e+"coin,1,count,1,manager,1,opacity,1,select,1,mode,1,enum,1,front,1,j,2,png"),4,scaled,2,java,2,awt,2,h))),2,moff,1,fボタン,1,mon,1,nボタン,1,
y),1,this,1,pre,1,launch,1,pos,1,new,1,d,1,e,1,f,1,a,1,u,1,l,1,t,1,s,1,r,1,p,1,o,1,x,1,
num,5,new,2,ball,2,r,2,bcomaplace,2,coma,2,-,2,dice,1,+random,1,next,1,),1,
visible,2,ball,2,balls,1,),1,v,1,
),19,visible,1,ball,1,balls,1,bonus,1,pos,1,void,1,poslist,1,cursor,1,m,1,y,1,c,1,r,1,o,1,s,1,toolkit,1,get,1,default,1,create,1,custom,1,image,1,i,7,game,1,class,1,resource,1,as,1,e,1,u,1,e+"cursor,1,png")),1,new,16,"my,1,cross,1,cursor"),1,font,5,century",3,p,5,l,5,a,5,n,7,send,1,j,6,pass,1,back,1,mon,1,moff,1,play,1,dice,1,num,1,+random,1,next,1,socket,2,pname,1,in,2,buffered,1,my,1,client,1,proc,1,thread,1,incoming,1,isr,1,out,1,
game,39,state,19,b,3,a,8,l,10,f,2,y,4,i,18,n,5,g,2,ball,4,state),5,pre,1,launch,1,pos,3,o,20,r,17,y-,1,s,15,z,1,e,21,c,20,k,5,d,3,w,5,block,3,t,5,m,10,v,1,img,9,image,10,class,14,get,16,resource,10,as,10,u,16,e+"ball,1,png")),7,e+"block-dark,1,bonus,1,panel,2,e+"bonus,1,hexagon,1,back,1,e+"hexagon-back,1,jpeg")),2,floor,1,e+"floor,1,gloss,1,e+"gloss-panel,1,gameover,1,e+"gameover,1,jpg")),1,logo,1,e+"logo,1,up,1,e+",1,p,6,cursor,1,toolkit,1,default,1,create,1,custom,1,e+"cursor,1,new,4,),1,"my,1,cross,1,cursor"),1,url,4,menu,1,e+"dance,1,"),4,main,3,e+"digitalworld,1,explosion,1,e+"explosion,1,coin,1,e+"coin,1,this,5,manager,2,score,1,renderer,1,mp,2,null,1,true),1,mouse,2,x,1,ev,2,key,2,pressed,2,space,2,true,1,false,1,frame,1,fighting,1,select,2,mode,2,enum,2,
state,20,game,19,b,3,a,8,l,7,f,1,y,2,i,7,n,6,g,2,ball,2,state),5,o,4,c,5,k,5,d,2,w,5,block,2,t,4,m,4,e,5,v,1,r,2,this,6,new,1,manager,2,score,1,renderer,1,mouse,2,pos,2,x,1,ev,2,get,2,u,3,key,2,pressed,2,space,2,true,1,false,1,
b,11,game,3,state,3,a,5,l,6,f,3,y,1,i,2,n,6,g,2,o,7,c,4,k,3,d,3,w,2,block,1,down,1,speed,1,e,3,u,4,t,6,s,1,p,1,r,2,rand,1,next,1,m,5,h,1,z,1,l),1,right,1,top,1,location,2,this,1,ball,1,count,1,manager,1,new,2,sound,1,wav"),1,dice,1,image,1,png"),1,
i,61,game,18,state,7,b,2,a,19,l,16,f,4,y,5,n,16,g,9,pre,1,launch,1,pos,1,o,14,r,19,y-,1,ball,2,s,14,z,2,e,20,img,11,blocks,1,image,15,util,1,c,19,k,6,w,7,t,14,rand,1,next,1,u,15,m,5,h,4,l),1,location,2,class,10,get,10,resource,10,as,10,e+"ball,1,png")),7,block,1,e+"block-dark,1,bonus,1,panel,2,e+"bonus,1,hexagon,1,back,1,e+"hexagon-back,1,jpeg")),2,floor,1,e+"floor,1,gloss,1,e+"gloss-panel,1,gameover,1,e+"gameover,1,jpg")),1,logo,1,e+"logo,1,up,1,e+",1,p,7,cursor,1,toolkit,1,default,1,create,1,custom,1,e+"cursor,1,new,25,),7,"my,1,cross,1,cursor"),1,this,8,run,1,checker,1,v,1,d,3,opacity,1,select,1,mode,7,enum,1,screen,1,font,5,century",3,progress,5,bar,5,login,2,png"),4,j,15,login),1,win,2,lose,2,playway,2,bcomaplace,1,-,1,coma,2,course,3,lab,7,icon),7,startgoal,4,win),1,lose),1,playway),1,pass,3,count,3,socket,1,pname,1,incoming,1,buttons,1,
n,31,game,5,state,6,b,6,a,18,l,13,f,3,y,1,i,16,g,6,o,6,c,8,k,5,d,5,w,6,block,1,down,1,speed,1,e,9,u,7,t,8,s,3,p,6,r,5,rand,1,next,1,m,4,h,2,z,1,l),1,run,1,checker,1,v,1,this,7,ball,2,count,2,manager,1,font,5,new,9,century",3,),7,mode,5,progress,5,bar,5,my,2,name,1,number,1,flag,2,value,1,incoming,2,server,1,true,1,isr,2,input,1,stream,1,get,2,in,2,buffered,1,out,2,print,1,output,1,true),1,client,1,proc,1,thread,1,member,1,
g,11,game,2,state,2,b,2,a,7,l,1,f,2,y,2,i,9,n,6,m,3,e,3,o,1,v,1,r,6,location,2,h,2,t,6,this,5,img,1,s,3,mode,5,progress,5,bar,5,w,3,d,1,c,2,new,1,sound,1,wav"),1,
state),5,game,5,state,5,ball,2,block,2,this,3,manager,2,score,1,renderer,1,
any,2,this,1,landed,2,false,1,true,1,
false,11,this,4,any,1,landed,1,right,1,btm,1,game,1,state,1,key,2,pressed,2,space,2,is,3,loop,1,text,2,y,2,up,2,f,1,music,1,stop,1,flag,1,player,2,turn,2,
v,3,visible,1,ball,1,game,1,state,1,g,1,a,2,m,1,e,2,o,1,r,2,run,1,checker,1,u,1,n,1,c,1,h,1,k,1,i,1,t,1,l,1,
get,29,pre,1,launch,1,pos,3,x,2,img,9,ball,2,image,12,i,10,o,16,game,16,class,14,resource,10,as,10,r,14,e,16,s,16,u,14,c,16,e+"ball,1,png")),7,block,2,e+"block-dark,1,bonus,1,panel,2,e+"bonus,1,hexagon,1,back,2,e+"hexagon-back,1,jpeg")),2,floor,1,e+"floor,1,gloss,1,e+"gloss-panel,1,gameover,1,e+"gameover,1,jpg")),1,logo,1,e+"logo,1,up,1,e+",1,p,5,cursor,1,m,7,y,2,toolkit,1,default,3,create,1,custom,1,e+"cursor,1,new,8,),1,"my,1,cross,1,cursor"),1,url,4,menu,1,e+"dance,1,"),4,main,1,e+"digitalworld,1,explosion,1,e+"explosion,1,coin,1,e+"coin,1,this,5,manager,1,state,2,mouse,2,ev,2,front,1,j,2,png"),2,scaled,2,java,2,awt,2,a,2,l,2,t,2,h))),2,display,3,value,3,character,3,h,3,out,2,print,3,output,2,true),2,format,1,audio,2,system,3,file,1,clip,1,clip),1,sound,1,thread,1,frame,1,time=,1,current,1,time,1,/,1,;clip,1,flag){clip,1,time<,1,);}else{clip,1,interrupted,1,exceptione){e,1,stack,1,isr,1,n,2,input,1,stream,1,
y-,1,pre,1,launch,1,pos,1,y,1,game,1,f,1,l,1,o,1,r,1,ball,1,s,1,i,1,z,1,e,1,
z,2,pre,1,launch,1,pos,1,y,1,game,1,f,1,l,2,o,2,r,2,y-,1,ball,1,s,1,i,2,e,1,rand,1,next,1,n,1,u,1,m,1,b,1,c,1,k,1,h,1,t,1,a,1,l),1,
c,32,game,20,state,5,b,4,l,14,o,24,k,8,d,8,w,6,n,8,i,19,a,14,t,11,block,2,down,1,speed,1,e,25,f,4,u,20,s,20,p,7,r,19,rand,1,next,1,m,9,h,2,z,1,l),1,left,1,btm,1,img,9,ball,2,image,12,class,14,get,16,resource,10,as,10,e+"ball,1,png")),7,e+"block-dark,1,bonus,1,panel,2,e+"bonus,1,hexagon,1,back,2,e+"hexagon-back,1,jpeg")),2,floor,1,e+"floor,1,gloss,1,e+"gloss-panel,1,gameover,1,e+"gameover,1,jpg")),1,logo,1,e+"logo,1,up,1,e+",1,cursor,2,y,2,toolkit,1,default,3,create,1,custom,1,e+"cursor,1,new,5,),1,"my,1,cross,1,cursor"),1,r),1,url,4,menu,1,e+"dance,1,"),4,main,1,e+"digitalworld,1,explosion,1,e+"explosion,1,coin,1,e+"coin,1,this,7,run,1,checker,1,v,1,count,1,manager,1,opacity,1,select,1,mode,3,enum,1,front,1,j,3,png"),2,scaled,2,java,2,awt,2,h))),2,progress,2,bar,2,g,2,layered,1,
k,8,game,5,state,5,b,3,l,8,o,4,c,8,d,3,w,6,n,5,i,6,a,6,t,6,block,1,down,1,speed,1,e,3,f,1,u,3,s,1,p,1,r,2,rand,1,next,1,m,1,h,2,z,1,l),1,this,1,run,1,checker,1,v,1,
w,9,game,5,state,5,b,2,l,6,o,3,c,6,k,6,d,3,n,6,i,7,a,7,t,7,block,1,down,1,speed,1,e,2,f,1,u,1,s,1,p,1,this,3,mode,3,progress,3,bar,3,g,3,
life,1,this,1,
image,39,img,10,blocks,1,i,15,util,1,ball,1,o,14,game,10,class,10,get,12,resource,10,as,10,r,10,e,12,s,12,u,10,c,12,e+"ball,1,png")),7,block,1,e+"block-dark,1,bonus,1,panel,2,e+"bonus,1,hexagon,1,back,3,e+"hexagon-back,1,jpeg")),2,floor,1,e+"floor,1,gloss,1,e+"gloss-panel,1,gameover,1,e+"gameover,1,jpg")),1,logo,1,e+"logo,1,up,1,e+",1,p,1,cursor,1,m,3,y,1,toolkit,1,default,3,create,1,custom,1,e+"cursor,1,new,29,),1,"my,1,cross,1,cursor"),1,this,2,front,1,j,2,png"),26,scaled,2,java,2,awt,2,a,2,l,2,t,2,h))),2,login,1,send,1,white,1,icon,3,red,1,blue,1,redcoma,2,bluecoma,2,pass,1,dice,3,d,6,diceq,1,b,1,win,1,lose,1,playway,1,play,1,moff,1,f,1,fボタン,1,mon,1,nボタン,1,
util,1,img,1,blocks,1,i,1,image,1,
block,7,game,3,state,2,state),2,down,2,speed,2,d,1,e,2,f,1,a,1,u,2,l,1,t,1,b,1,o,2,c,2,k,1,w,1,n,1,s,2,p,1,img,1,image,1,i,1,class,1,get,2,resource,1,as,1,r,1,e+"block-dark,1,png")),1,this,3,manager,3,new,2,block),1,ball,1,
m,26,game,10,state,4,g,3,a,8,e,12,o,13,v,1,r,9,rand,1,next,1,n,4,u,9,b,5,l,5,c,9,k,1,h,1,i,5,z,1,t,7,l),1,location,2,cursor,1,y,2,s,8,toolkit,1,get,7,default,3,create,1,custom,1,image,3,class,5,resource,1,as,1,e+"cursor,1,png")),1,new,13,),1,"my,1,cross,1,cursor"),1,url,4,menu,2,p,6,e+"dance,1,"),4,main,2,e+"digitalworld,1,explosion,1,e+"explosion,1,coin,1,e+"coin,1,mp,2,true),2,this,4,img,1,f,1,select,1,mode,1,enum,1,d,1,front,1,j,2,png"),2,scaled,2,java,2,awt,2,h))),2,back,1,sound,8,wav"),8,step,1,walk,2,dice,1,win,1,lose,1,start,1,
down,2,block,2,speed,2,d,1,e,1,f,1,a,1,u,1,l,1,t,1,b,1,o,1,c,1,k,1,w,1,n,1,s,1,p,1,
speed,2,block,2,down,2,d,1,e,1,f,1,a,1,u,1,l,1,t,1,b,1,o,1,c,1,k,1,w,1,n,1,s,1,p,1,
moved,1,dist,1,
dist,1,moved,1,
rand,1,r,1,next,1,n,1,u,1,m,1,b,1,l,1,o,1,c,1,k,1,h,1,i,1,z,1,t,1,a,1,l),1,
next,3,r,1,rand,1,n,1,u,1,m,1,b,1,l,1,o,1,c,1,k,1,h,1,i,1,z,1,t,1,a,1,l),1,input,1,sc,1,dice,1,num,1,+random,1,),1,
h,11,r,4,rand,1,next,1,n,2,u,2,m,1,b,1,l,2,o,1,c,2,k,2,i,4,z,1,t,4,a,2,l),1,location,2,g,2,run,1,checker,1,e,1,v,1,this,6,max,3,p,4,stats,1,p*,1,)*level/,1,+level),1,math,2,p-num),1,p+num,1,p),1,display,3,value,3,character,3,get,3,
l),1,r,1,rand,1,next,1,n,1,u,1,m,1,b,1,l,1,o,1,c,1,k,1,h,1,i,1,z,1,t,1,a,1,
void,2,is,1,r,1,true,1,bonus,1,pos,1,poslist,1,),1,
bonus,3,pos,1,void,1,poslist,1,),1,img,1,panel,1,image,1,i,1,o,1,game,1,class,1,get,1,resource,1,as,1,r,1,e,1,s,1,u,1,c,1,e+"bonus,1,png")),1,poses,1,new,1,array,1,
poslist,1,bonus,1,pos,1,void,1,),1,
left,6,top,3,a,1,btm,2,c,1,right,3,top=left,1,btm=right,2,btm=false,3,this,1,
top,5,left,3,a,1,right,3,b,1,top=left,1,btm=right,2,btm=false,2,this,1,
right,7,top,3,b,1,btm,3,d,1,left,3,top=left,1,btm=right,2,btm=false,3,false,1,this,1,
btm,4,left,2,c,1,right,3,d,1,btm=false,1,false,1,
top=left,1,left,1,top,1,right,1,btm=right,1,btm=false,1,
btm=right,2,left,2,top,2,right,2,top=left,1,btm=false,2,
btm=false,3,left,3,top,2,right,3,top=left,1,btm=right,2,btm,1,
bottom,1,this,1,
location,8,l,2,e,2,f,2,t,8,b,2,o,4,m,2,r,2,i,2,g,2,h,2,p,2,
class,15,img,9,ball,1,image,10,i,10,o,14,game,14,get,14,resource,10,as,10,r,14,e,14,s,14,u,14,c,14,e+"ball,1,png")),7,block,1,e+"block-dark,1,bonus,1,panel,2,e+"bonus,1,hexagon,1,back,1,e+"hexagon-back,1,jpeg")),2,floor,1,e+"floor,1,gloss,1,e+"gloss-panel,1,gameover,1,e+"gameover,1,jpg")),1,logo,1,e+"logo,1,up,1,e+",1,p,5,cursor,1,m,5,y,1,toolkit,1,default,1,create,1,custom,1,e+"cursor,1,new,2,),1,"my,1,cross,1,cursor"),1,url,4,menu,1,e+"dance,1,"),4,main,1,e+"digitalworld,1,explosion,1,e+"explosion,1,coin,1,e+"coin,1,info,1,data,1,line,1,clip,1,format),1,
resource,10,img,9,ball,1,image,10,i,10,o,10,game,10,class,10,get,10,as,10,r,10,e,10,s,10,u,10,c,10,e+"ball,1,png")),7,block,1,e+"block-dark,1,bonus,1,panel,2,e+"bonus,1,hexagon,1,back,1,e+"hexagon-back,1,jpeg")),2,floor,1,e+"floor,1,gloss,1,e+"gloss-panel,1,gameover,1,e+"gameover,1,jpg")),1,logo,1,e+"logo,1,up,1,e+",1,p,1,cursor,1,m,1,y,1,toolkit,1,default,1,create,1,custom,1,e+"cursor,1,new,1,),1,"my,1,cross,1,cursor"),1,
as,10,img,9,ball,1,image,10,i,10,o,10,game,10,class,10,get,10,resource,10,r,10,e,10,s,10,u,10,c,10,e+"ball,1,png")),7,block,1,e+"block-dark,1,bonus,1,panel,2,e+"bonus,1,hexagon,1,back,1,e+"hexagon-back,1,jpeg")),2,floor,1,e+"floor,1,gloss,1,e+"gloss-panel,1,gameover,1,e+"gameover,1,jpg")),1,logo,1,e+"logo,1,up,1,e+",1,p,1,cursor,1,m,1,y,1,toolkit,1,default,1,create,1,custom,1,e+"cursor,1,new,1,),1,"my,1,cross,1,cursor"),1,
e+"ball,1,img,1,ball,1,image,1,i,1,o,1,game,1,class,1,get,1,resource,1,as,1,r,1,e,1,s,1,u,1,c,1,png")),1,
png")),7,img,6,ball,1,image,7,i,7,o,7,game,7,class,7,get,7,resource,7,as,7,r,7,e,7,s,7,u,7,c,7,e+"ball,1,block,1,e+"block-dark,1,bonus,1,panel,2,e+"bonus,1,floor,1,e+"floor,1,gloss,1,e+"gloss-panel,1,up,1,e+",1,p,1,cursor,1,m,1,y,1,toolkit,1,default,1,create,1,custom,1,e+"cursor,1,new,1,),1,"my,1,cross,1,cursor"),1,
e+"block-dark,1,img,1,block,1,image,1,i,1,o,1,game,1,class,1,get,1,resource,1,as,1,r,1,e,1,s,1,u,1,c,1,png")),1,
panel,6,img,2,bonus,1,image,2,i,2,o,2,game,2,class,2,get,2,resource,2,as,2,r,2,e,2,s,2,u,2,c,2,e+"bonus,1,png")),2,gloss,1,e+"gloss-panel,1,info,3,array,1,new,3,this,1,character,2,)),2,
e+"bonus,1,img,1,bonus,1,panel,1,image,1,i,1,o,1,game,1,class,1,get,1,resource,1,as,1,r,1,e,1,s,1,u,1,c,1,png")),1,
hexagon,1,img,1,back,1,image,1,i,1,o,1,game,1,class,1,get,1,resource,1,as,1,r,1,e,1,s,1,u,1,c,1,e+"hexagon-back,1,jpeg")),1,
back,4,img,1,hexagon,1,image,3,i,1,o,2,game,1,class,1,get,2,resource,1,as,1,r,1,e,2,s,2,u,1,c,2,e+"hexagon-back,1,jpeg")),1,this,1,new,3,j,2,default,1,png"),2,scaled,1,java,1,awt,1,a,1,l,1,m,1,t,1,h))),1,),1,
e+"hexagon-back,1,img,1,hexagon,1,back,1,image,1,i,1,o,1,game,1,class,1,get,1,resource,1,as,1,r,1,e,1,s,1,u,1,c,1,jpeg")),1,
jpeg")),2,img,2,hexagon,1,back,1,image,2,i,2,o,2,game,2,class,2,get,2,resource,2,as,2,r,2,e,2,s,2,u,2,c,2,e+"hexagon-back,1,logo,1,e+"logo,1,
floor,1,img,1,image,1,i,1,o,1,game,1,class,1,get,1,resource,1,as,1,r,1,e,1,s,1,u,1,c,1,e+"floor,1,png")),1,
e+"floor,1,img,1,floor,1,image,1,i,1,o,1,game,1,class,1,get,1,resource,1,as,1,r,1,e,1,s,1,u,1,c,1,png")),1,
gloss,1,img,1,panel,1,image,1,i,1,o,1,game,1,class,1,get,1,resource,1,as,1,r,1,e,1,s,1,u,1,c,1,e+"gloss-panel,1,png")),1,
e+"gloss-panel,1,img,1,gloss,1,panel,1,image,1,i,1,o,1,game,1,class,1,get,1,resource,1,as,1,r,1,e,1,s,1,u,1,c,1,png")),1,
gameover,1,img,1,image,1,i,1,o,1,game,1,class,1,get,1,resource,1,as,1,r,1,e,1,s,1,u,1,c,1,e+"gameover,1,jpg")),1,
e+"gameover,1,img,1,gameover,1,image,1,i,1,o,1,game,1,class,1,get,1,resource,1,as,1,r,1,e,1,s,1,u,1,c,1,jpg")),1,
jpg")),1,img,1,gameover,1,image,1,i,1,o,1,game,1,class,1,get,1,resource,1,as,1,r,1,e,1,s,1,u,1,c,1,e+"gameover,1,
logo,1,img,1,image,1,i,1,o,1,game,1,class,1,get,1,resource,1,as,1,r,1,e,1,s,1,u,1,c,1,e+"logo,1,jpeg")),1,
e+"logo,1,img,1,logo,1,image,1,i,1,o,1,game,1,class,1,get,1,resource,1,as,1,r,1,e,1,s,1,u,1,c,1,jpeg")),1,
up,4,img,1,image,1,i,1,o,1,game,1,class,1,get,1,resource,1,as,1,r,1,e,1,s,1,u,1,c,1,e+",1,p,1,png")),1,this,1,is,3,text,3,y,3,false,2,true,1,
e+",1,img,1,up,1,image,1,i,1,o,1,game,1,class,1,get,1,resource,1,as,1,r,1,e,1,s,1,u,1,c,1,p,1,png")),1,
cursor,2,m,1,y,1,c,2,r,2,o,2,s,2,toolkit,1,get,1,default,1,create,1,custom,1,image,1,i,1,game,1,class,1,resource,1,as,1,e,2,u,2,e+"cursor,1,png")),1,new,2,),1,"my,1,cross,1,cursor"),1,d,1,f,1,a,1,l,1,t,1,r),1,
toolkit,1,cursor,1,m,1,y,1,c,1,r,1,o,1,s,1,get,1,default,1,create,1,custom,1,image,1,i,1,game,1,class,1,resource,1,as,1,e,1,u,1,e+"cursor,1,png")),1,new,1,),1,"my,1,cross,1,cursor"),1,
default,3,cursor,1,m,3,y,1,c,3,r,1,o,3,s,3,toolkit,1,get,3,create,1,custom,1,image,3,i,1,game,1,class,1,resource,1,as,1,e,3,u,1,e+"cursor,1,png")),1,new,3,),1,"my,1,cross,1,cursor"),1,this,2,front,1,j,2,png"),2,scaled,2,java,2,awt,2,a,2,l,2,t,2,h))),2,back,1,
create,1,cursor,1,m,1,y,1,c,1,r,1,o,1,s,1,toolkit,1,get,1,default,1,custom,1,image,1,i,1,game,1,class,1,resource,1,as,1,e,1,u,1,e+"cursor,1,png")),1,new,1,),1,"my,1,cross,1,cursor"),1,
custom,1,cursor,1,m,1,y,1,c,1,r,1,o,1,s,1,toolkit,1,get,1,default,1,create,1,image,1,i,1,game,1,class,1,resource,1,as,1,e,1,u,1,e+"cursor,1,png")),1,new,1,),1,"my,1,cross,1,cursor"),1,
e+"cursor,1,cursor,1,m,1,y,1,c,1,r,1,o,1,s,1,toolkit,1,get,1,default,1,create,1,custom,1,image,1,i,1,game,1,class,1,resource,1,as,1,e,1,u,1,png")),1,new,1,),1,"my,1,cross,1,cursor"),1,
"my,1,cursor,1,m,1,y,1,c,1,r,1,o,1,s,1,toolkit,1,get,1,default,1,create,1,custom,1,image,1,i,1,game,1,class,1,resource,1,as,1,e,1,u,1,e+"cursor,1,png")),1,new,1,),1,cross,1,cursor"),1,
cross,1,cursor,1,m,1,y,1,c,1,r,1,o,1,s,1,toolkit,1,get,1,default,1,create,1,custom,1,image,1,i,1,game,1,class,1,resource,1,as,1,e,1,u,1,e+"cursor,1,png")),1,new,1,),1,"my,1,cursor"),1,
cursor"),1,cursor,1,m,1,y,1,c,1,r,1,o,1,s,1,toolkit,1,get,1,default,1,create,1,custom,1,image,1,i,1,game,1,class,1,resource,1,as,1,e,1,u,1,e+"cursor,1,png")),1,new,1,),1,"my,1,cross,1,
r),1,cursor,1,d,1,e,1,f,1,a,1,u,1,l,1,t,1,new,1,c,1,r,1,s,1,o,1,
url,6,menu,1,m,4,p,4,game,4,class,4,get,4,r,4,e,4,s,4,o,4,u,4,c,4,e+"dance,1,"),4,main,1,e+"digitalworld,1,explosion,1,e+"explosion,1,coin,1,e+"coin,1,this,1,sound,2,surl,1,istream,1,open,1,
menu,2,url,1,m,2,p,2,game,1,class,1,get,1,r,1,e,1,s,1,o,1,u,1,c,1,e+"dance,1,"),1,mp,1,new,1,true),1,
e+"dance,1,url,1,menu,1,m,1,p,1,game,1,class,1,get,1,r,1,e,1,s,1,o,1,u,1,c,1,"),1,
"),4,url,4,menu,1,m,4,p,4,game,4,class,4,get,4,r,4,e,4,s,4,o,4,u,4,c,4,e+"dance,1,main,1,e+"digitalworld,1,explosion,1,e+"explosion,1,coin,1,e+"coin,1,
main,4,url,1,game,3,m,2,p,2,class,1,get,1,r,1,e,1,s,1,o,1,u,1,c,1,e+"digitalworld,1,"),1,mp,2,null,1,new,2,true),1,window,1,
e+"digitalworld,1,url,1,main,1,game,1,m,1,p,1,class,1,get,1,r,1,e,1,s,1,o,1,u,1,c,1,"),1,
explosion,1,url,1,game,1,class,1,get,1,r,1,e,1,s,1,o,1,u,1,c,1,e+"explosion,1,m,1,p,1,"),1,
e+"explosion,1,url,1,explosion,1,game,1,class,1,get,1,r,1,e,1,s,1,o,1,u,1,c,1,m,1,p,1,"),1,
coin,1,url,1,game,1,class,1,get,1,r,1,e,1,s,1,o,1,u,1,c,1,e+"coin,1,m,1,p,1,"),1,
e+"coin,1,url,1,coin,1,game,1,class,1,get,1,r,1,e,1,s,1,o,1,u,1,c,1,m,1,p,1,"),1,
screen,8,this,4,component)renderer,1,info,1,mode,3,t,1,i,1,l,1,e,1,button,3,transition,3,to,3,adventure,1,new,3,j,3,adventureへ画面遷移"),1,battle,1,battleへ画面遷移"),1,item,1,itemへ画面遷移"),1,
component)renderer,1,this,1,screen,1,
manager,5,this,5,block,3,new,2,block),1,ball,3,get,1,game,2,state,2,state),2,count,1,d,1,e,1,f,1,a,1,u,1,l,1,t,1,b,1,c,1,o,1,n,1,
block),1,this,1,block,1,manager,1,new,1,
score,5,this,4,renderer,2,new,1,game,1,state,1,state),1,
renderer,3,this,3,score,2,new,2,session,1,game,1,state,1,state),1,
session,1,this,1,renderer,1,new,1,
mp,3,menu,1,new,2,m,2,p,2,true),2,main,2,game,2,null,1,
true),4,mp,2,menu,1,new,4,m,2,p,2,main,1,game,1,out,2,print,2,get,2,output,2,n,1,
null,1,mp,1,main,1,game,1,
run,1,checker,1,r,1,u,1,n,1,c,1,h,1,e,1,k,1,i,1,t,1,v,1,a,1,l,1,
checker,1,run,1,r,1,u,1,n,1,c,1,h,1,e,1,k,1,i,1,t,1,v,1,a,1,l,1,
mouse,2,game,2,state,2,pos,2,x,1,ev,2,get,2,y,1,
ev,2,game,2,state,2,mouse,2,pos,2,x,1,get,2,y,1,
key,3,game,2,state,2,pressed,3,space,3,true,1,false,2,this,1,
pressed,3,game,2,state,2,key,3,space,3,true,1,false,2,this,1,
space,3,game,2,state,2,key,3,pressed,3,true,1,false,2,this,1,
wave,3,this,2,count,3,
count,11,this,5,wave,3,ball,4,manager,1,d,1,e,1,f,1,a,1,u,1,l,1,t,1,b,1,c,1,o,1,n,2,pass,4,newint,1,i,3,
sound,11,this,1,url,2,surl,1,istream,1,open,1,m,8,b,1,g,1,new,9,wav"),8,step,1,walk,2,dice,1,win,1,lose,1,start,1,thread,1,get,1,frame,1,time=,1,system,1,current,1,time,1,/,1,;clip,1,flag){clip,1,time<,1,);}else{clip,1,interrupted,1,exceptione){e,1,print,1,stack,1,
surl,1,this,1,sound,1,url,1,
loop,4,this,3,is,2,listener,1,new,1,playback,1,false,1,flag,1,
listener,2,this,1,loop,1,new,2,playback,1,title,1,button,1,
playback,1,this,1,loop,1,listener,1,new,1,
pthread,2,this,1,new,2,play,2,
play,4,this,1,pthread,2,new,4,image,1,png"),1,j,1,),1,
istream,1,sound,1,url,1,open,1,
open,1,istream,1,sound,1,url,1,
player,5,new,1,advanced,1,turn,4,false,2,true,2,
advanced,1,player,1,new,1,
ax,1,this,1,
ay,1,this,1,
bx,1,this,1,
by,1,this,1,
poses,1,bonus,1,new,1,array,1,
oparity,1,this,1,
opacity,2,this,1,d,1,e,1,f,1,a,1,u,1,l,1,t,1,o,1,p,1,c,1,i,1,y,1,
text,6,this,2,y,4,t,3,e,1,x,1,is,3,up,3,false,2,true,1,new,2,j,2,
frame,2,game,1,new,2,fighting,1,sound,1,thread,1,get,1,time=,1,system,1,current,1,time,1,/,1,;clip,1,flag){clip,1,time<,1,);}else{clip,1,interrupted,1,exceptione){e,1,print,1,stack,1,
fighting,1,game,1,frame,1,new,1,
select,2,game,2,mode,2,enum,2,l,2,o,1,c,1,a,1,m,1,d,1,e,2,t,1,i,1,
mode,10,game,2,select,2,enum,2,l,3,o,1,c,3,a,6,m,1,d,2,e,5,t,5,i,7,screen,3,this,6,progress,5,bar,5,w,3,n,5,g,5,r,2,s,2,
enum,2,game,2,select,2,mode,2,l,2,o,1,c,1,a,1,m,1,d,1,e,2,t,1,i,1,
name,5,this,1,character,1,new,1,j,1,my,3,n,1,",1,no name",1,in,1,read,1,
level,2,this,1,character,1,new,1,j,1,
max,9,this,3,h,3,p,3,stats,1,p*,1,)*level/,1,+level),1,math,1,p+num,1,p),1,incoming,1,new,5,socket,1,connection,6,flag,1,newboolean,1,isr,1,input,1,stream,1,reader,2,in,1,buffered,1,out,1,print,1,writer,1,my,1,client,1,proc,1,thread,1,
stats,1,this,1,max,1,h,1,p,1,p*,1,)*level/,1,+level),1,
p*,1,this,1,max,1,h,1,p,1,stats,1,)*level/,1,+level),1,
)*level/,1,this,1,max,1,h,1,p,1,stats,1,p*,1,+level),1,
+level),1,this,1,max,1,h,1,p,1,stats,1,p*,1,)*level/,1,
front,1,this,1,image,1,new,1,j,1,default,1,png"),1,get,1,scaled,1,java,1,awt,1,s,1,c,1,a,1,l,1,e,1,m,1,o,1,t,1,h))),1,
j,44,this,2,front,1,image,2,new,43,default,2,png"),2,get,2,scaled,2,java,2,awt,2,s,2,c,3,a,2,l,2,e,2,m,2,o,2,t,4,h))),2,back,2,label,6,button,4,screen,3,transition,3,to,3,adventure,1,adventureへ画面遷移"),1,battle,1,battleへ画面遷移"),1,item,1,itemへ画面遷移"),1,character,2,name,1,level,1,layered,1,login,1,i,15,login),1,text,2,send,1,),6,r,1,bcomaplace,1,-,1,coma,5,course,4,lab,14,icon),7,startgoal,5,pass,1,dice,2,b),1,win,1,win),1,lose,1,lose),1,playway,1,playway),1,mon,1,moff,1,play,1,turn,1,com,1,buttons,1,
png"),26,this,2,front,1,image,26,new,26,j,2,default,2,get,2,scaled,2,java,2,awt,2,s,2,c,2,a,2,l,2,e,2,m,2,o,4,t,2,h))),2,back,2,i,4,login,1,send,1,white,1,icon,3,red,1,blue,1,redcoma,2,bluecoma,2,d,6,diceq,1,dice,2,b,1,win,1,lose,1,playway,1,play,1,moff,1,f,1,fボタン,1,mon,1,nボタン,1,
scaled,2,this,2,front,1,image,2,new,2,j,2,default,2,png"),2,get,2,java,2,awt,2,s,2,c,2,a,2,l,2,e,2,m,2,o,2,t,2,h))),2,back,1,
java,2,this,2,front,1,image,2,new,2,j,2,default,2,png"),2,get,2,scaled,2,awt,2,s,2,c,2,a,2,l,2,e,2,m,2,o,2,t,2,h))),2,back,1,
awt,2,this,2,front,1,image,2,new,2,j,2,default,2,png"),2,get,2,scaled,2,java,2,s,2,c,2,a,2,l,2,e,2,m,2,o,2,t,2,h))),2,back,1,
h))),2,this,2,front,1,image,2,new,2,j,2,default,2,png"),2,get,2,scaled,2,java,2,awt,2,s,2,c,2,a,2,l,2,e,2,m,2,o,2,t,2,back,1,
math,2,this,2,h,2,p,2,p-num),1,p+num,1,max,1,p),1,
p-num),1,this,1,h,1,p,1,math,1,
p+num,1,this,1,h,1,p,1,math,1,max,1,p),1,
p),1,this,1,h,1,p,1,math,1,p+num,1,max,1,
window,1,new,1,main,1,
info,6,this,1,screen,1,panel,3,array,1,new,5,character,3,)),2,hp,1,bar,1,progress,1,data,1,line,1,clip,1,class,1,format),1,
layout,1,new,1,card,1,
card,1,layout,1,new,1,
font,5,new,5,century",3,p,5,l,5,a,5,i,5,n,5,),5,
century",3,font,3,new,3,p,3,l,3,a,3,i,3,n,3,),3,
label,6,new,6,j,6,course,1,lab,2,startgoal,1,
button,5,screen,3,transition,3,to,3,adventure,1,new,5,j,4,adventureへ画面遷移"),1,battle,1,battleへ画面遷移"),1,item,1,itemへ画面遷移"),1,title,1,listener,1,coma,1,
transition,3,button,3,screen,3,to,3,adventure,1,new,3,j,3,adventureへ画面遷移"),1,battle,1,battleへ画面遷移"),1,item,1,itemへ画面遷移"),1,
to,3,button,3,screen,3,transition,3,adventure,1,new,3,j,3,adventureへ画面遷移"),1,battle,1,battleへ画面遷移"),1,item,1,itemへ画面遷移"),1,
adventure,1,button,1,screen,1,transition,1,to,1,new,1,j,1,adventureへ画面遷移"),1,
adventureへ画面遷移"),1,button,1,screen,1,transition,1,to,1,adventure,1,new,1,j,1,
battle,1,button,1,screen,1,transition,1,to,1,new,1,j,1,battleへ画面遷移"),1,
battleへ画面遷移"),1,button,1,screen,1,transition,1,to,1,battle,1,new,1,j,1,
item,1,button,1,screen,1,transition,1,to,1,new,1,j,1,itemへ画面遷移"),1,
itemへ画面遷移"),1,button,1,screen,1,transition,1,to,1,item,1,new,1,j,1,
title,1,button,1,listener,1,new,1,
character,9,info,3,panel,2,new,5,)),2,name,1,j,2,level,1,this,3,hp,1,bar,1,progress,1,display,3,value,3,get,3,h,3,
)),2,character,2,info,2,panel,2,new,2,
hp,1,bar,1,new,1,character,1,info,1,progress,1,
bar,6,hp,1,new,1,character,1,info,1,progress,6,mode,5,w,3,a,5,i,5,t,3,n,5,g,5,this,4,d,1,e,2,c,2,r,2,s,2,
progress,6,hp,1,bar,6,new,1,character,1,info,1,mode,5,w,3,a,5,i,5,t,3,n,5,g,5,this,4,d,1,e,2,c,2,r,2,s,2,
display,3,value,3,character,3,get,3,h,3,this,2,
value,4,display,3,character,3,get,3,h,3,this,2,flag,1,n,1,
timer,1,new,1,this),1,
this),1,timer,1,new,1,
input,3,sc,1,next,1,isr,2,new,2,stream,2,reader,1,max,1,connection,1,n,1,get,1,
sc,1,input,1,next,1,
music,3,f,3,true,2,false,1,
wav"),8,m,8,b,1,g,1,new,8,sound,8,step,1,walk,2,dice,1,win,1,lose,1,start,1,
layered,1,c,1,new,1,j,1,
login,2,i,2,new,2,image,1,png"),1,j,1,login),1,
login),1,login,1,new,1,j,1,i,1,
send,2,new,2,image,1,png"),1,j,1,),1,
white,1,icon,1,new,1,image,1,png"),1,
icon,7,white,1,new,3,image,3,png"),3,red,1,blue,1,my,2,redcoma,2,your,2,bluecoma,2,
red,1,icon,1,new,1,image,1,png"),1,
blue,1,icon,1,new,1,image,1,png"),1,
redcoma,4,new,2,image,2,png"),2,my,1,icon,2,your,1,
bluecoma,4,new,2,image,2,png"),2,your,1,icon,2,my,1,
pass,6,new,2,image,1,count,4,newint,1,j,1,),1,i,3,
dice,7,new,6,image,3,diceq,1,png"),2,b,1,j,2,b),1,lab,1,num,1,+random,1,next,1,),1,m,1,sound,1,wav"),1,
diceq,1,new,1,image,1,dice,1,png"),1,
win,3,i,2,new,3,image,1,png"),1,j,1,win),1,m,1,sound,1,wav"),1,
lose,3,i,2,new,3,image,1,png"),1,j,1,lose),1,m,1,sound,1,wav"),1,
playway,2,i,2,new,2,image,1,png"),1,j,1,playway),1,
moff,2,new,2,image,1,o,1,f,1,fボタン,1,png"),1,j,1,),1,
fボタン,1,moff,1,new,1,image,1,o,1,f,1,png"),1,
mon,2,new,2,image,1,o,1,nボタン,1,png"),1,j,1,),1,
nボタン,1,mon,1,new,1,image,1,o,1,png"),1,
courseplace,2,newint,1,
newint,10,courseplace,1,redcourseplace,1,bluecourseplace,1,r,1,bcomaplace,1,redstart,1,bluestart,1,redgoal,1,bluegoal,1,comagoal,1,pass,1,count,1,
redcourseplace,2,newint,1,
bluecourseplace,2,newint,1,
bcomaplace,6,r,6,newint,1,j,1,i,1,-,3,coma,4,num,2,redcomanum,1,place,2,bluecomanum,1,
-,3,r,3,bcomaplace,3,j,1,i,1,coma,2,num,2,
redstart,2,newint,1,
bluestart,2,newint,1,
redgoal,2,newint,1,
bluegoal,2,newint,1,
coma,9,new,5,j,5,button,1,i,2,lab,2,r,4,bcomaplace,4,num,2,-,2,redcomanum,1,place,2,bluecomanum,1,
comagoal,2,newint,1,comanum,1,
course,4,lab,4,new,4,j,4,label,1,i,3,icon),3,
lab,14,course,4,new,14,j,14,label,2,i,7,icon),7,startgoal,5,dice,1,turn,1,com,1,coma,2,
icon),7,course,3,lab,7,i,7,new,7,j,7,startgoal,4,
diceflag,2,
dicemax,2,
turnnum,2,
startgoal,5,lab,5,new,5,j,5,label,1,i,4,icon),4,
b),1,dice,1,new,1,j,1,
win),1,win,1,new,1,j,1,i,1,
lose),1,lose,1,new,1,j,1,i,1,
playway),1,playway,1,new,1,j,1,i,1,
turn,9,lab,1,new,1,j,1,my,4,-my,1,player,4,false,2,true,2,
com,1,lab,1,new,1,j,1,
socket,4,s,1,new,3,),2,i,1,pname,1,incoming,1,max,1,connection,1,
my,16,name,3,n,2,color,2,icon,2,redcoma,1,turn,4,bluecoma,1,-my,1,",1,no name",1,isr,2,in,3,out,2,read,1,client,2,proc,2,thread,2,new,2,max,1,connection,1,incoming,1,),1,
out,5,new,4,print,3,get,2,output,2,true),2,my,2,writer,1,max,1,connection,1,n,2,client,1,proc,1,thread,1,incoming,1,isr,1,in,1,),1,
print,4,out,3,new,4,get,3,output,2,true),2,sound,1,thread,1,frame,1,time=,1,system,1,current,1,time,1,/,1,;clip,1,flag){clip,1,time<,1,);}else{clip,1,interrupted,1,exceptione){e,1,stack,1,writer,1,max,1,connection,1,n,1,
output,2,out,2,new,2,print,2,get,2,true),2,n,1,
color,2,my,2,
your,2,icon,2,bluecoma,1,redcoma,1,
step,5,m,1,new,1,sound,1,wav"),1,f,4,
place,3,r,2,bcomaplace,2,redcomanum,1,coma,2,bluecomanum,1,
+random,1,dice,1,num,1,next,1,),1,
ifplace,2,
nowplace,1,
comanum,1,comagoal,1,
walk,2,m,2,new,2,sound,2,wav"),2,
redcomanum,1,r,1,bcomaplace,1,coma,1,place,1,
bluecomanum,1,r,1,bcomaplace,1,coma,1,place,1,
-my,1,my,1,turn,1,
start,1,m,1,new,1,sound,1,wav"),1,
",1,my,1,name,1,no name",1,
no name",1,my,1,name,1,",1,
pname,1,socket,1,new,1,i,1,),1,
format,1,audio,1,system,1,get,1,file,1,
audio,2,format,1,system,2,get,2,file,1,clip,1,clip),1,
system,3,format,1,audio,2,get,3,file,1,clip,1,clip),1,sound,1,thread,1,new,1,frame,1,time=,1,current,1,time,1,/,1,;clip,1,flag){clip,1,time<,1,);}else{clip,1,interrupted,1,exceptione){e,1,print,1,stack,1,
file,1,format,1,audio,1,system,1,get,1,
data,1,info,1,new,1,line,1,clip,1,class,1,format),1,
line,1,info,1,new,1,data,1,clip,1,class,1,format),1,
clip,2,info,1,new,1,data,1,line,1,class,1,format),1,clip),1,audio,1,system,1,get,1,
format),1,info,1,new,1,data,1,line,1,clip,1,class,1,
clip),1,clip,1,audio,1,system,1,get,1,
flag,6,loop,1,stop,2,false,1,true,2,n,2,value,1,newboolean,1,max,1,connection,1,
stop,2,flag,2,false,1,true,1,
thread,3,sound,1,new,3,get,1,frame,1,time=,1,system,1,current,1,time,1,/,1,;clip,1,flag){clip,1,time<,1,);}else{clip,1,interrupted,1,exceptione){e,1,print,1,stack,1,my,2,client,2,proc,2,max,1,connection,1,n,1,incoming,1,isr,1,in,1,out,1,),1,
time=,1,sound,1,thread,1,new,1,get,1,frame,1,system,1,current,1,time,1,/,1,;clip,1,flag){clip,1,time<,1,);}else{clip,1,interrupted,1,exceptione){e,1,print,1,stack,1,
current,1,sound,1,thread,1,new,1,get,1,frame,1,time=,1,system,1,time,1,/,1,;clip,1,flag){clip,1,time<,1,);}else{clip,1,interrupted,1,exceptione){e,1,print,1,stack,1,
time,1,sound,1,thread,1,new,1,get,1,frame,1,time=,1,system,1,current,1,/,1,;clip,1,flag){clip,1,time<,1,);}else{clip,1,interrupted,1,exceptione){e,1,print,1,stack,1,
/,1,sound,1,thread,1,new,1,get,1,frame,1,time=,1,system,1,current,1,time,1,;clip,1,flag){clip,1,time<,1,);}else{clip,1,interrupted,1,exceptione){e,1,print,1,stack,1,
;clip,1,sound,1,thread,1,new,1,get,1,frame,1,time=,1,system,1,current,1,time,1,/,1,flag){clip,1,time<,1,);}else{clip,1,interrupted,1,exceptione){e,1,print,1,stack,1,
flag){clip,1,sound,1,thread,1,new,1,get,1,frame,1,time=,1,system,1,current,1,time,1,/,1,;clip,1,time<,1,);}else{clip,1,interrupted,1,exceptione){e,1,print,1,stack,1,
time<,1,sound,1,thread,1,new,1,get,1,frame,1,time=,1,system,1,current,1,time,1,/,1,;clip,1,flag){clip,1,);}else{clip,1,interrupted,1,exceptione){e,1,print,1,stack,1,
);}else{clip,1,sound,1,thread,1,new,1,get,1,frame,1,time=,1,system,1,current,1,time,1,/,1,;clip,1,flag){clip,1,time<,1,interrupted,1,exceptione){e,1,print,1,stack,1,
interrupted,1,sound,1,thread,1,new,1,get,1,frame,1,time=,1,system,1,current,1,time,1,/,1,;clip,1,flag){clip,1,time<,1,);}else{clip,1,exceptione){e,1,print,1,stack,1,
exceptione){e,1,sound,1,thread,1,new,1,get,1,frame,1,time=,1,system,1,current,1,time,1,/,1,;clip,1,flag){clip,1,time<,1,);}else{clip,1,interrupted,1,print,1,stack,1,
stack,1,sound,1,thread,1,new,1,get,1,frame,1,time=,1,system,1,current,1,time,1,/,1,;clip,1,flag){clip,1,time<,1,);}else{clip,1,interrupted,1,exceptione){e,1,print,1,
number,1,n,1,
incoming,4,i,1,new,2,socket,1,max,1,connection,1,n,2,server,1,my,1,client,1,proc,1,thread,1,isr,1,in,1,out,1,),1,
isr,4,my,2,new,3,input,2,stream,2,reader,1,max,1,connection,1,n,2,get,1,client,1,proc,1,thread,1,incoming,1,in,1,out,1,),1,
in,5,my,3,name,1,read,1,new,3,buffered,2,reader,1,max,1,connection,1,n,2,),2,client,1,proc,1,thread,1,incoming,1,isr,1,out,1,
read,1,my,1,name,1,in,1,
connection,6,incoming,1,new,5,socket,1,max,6,flag,1,newboolean,1,isr,1,input,1,stream,1,reader,2,in,1,buffered,1,out,1,print,1,writer,1,my,1,client,1,proc,1,thread,1,
newboolean,1,flag,1,max,1,connection,1,
stream,2,isr,2,new,2,input,2,reader,1,max,1,connection,1,n,1,get,1,
reader,2,isr,1,new,2,input,1,stream,1,max,2,connection,2,in,1,buffered,1,
buffered,2,in,2,new,2,reader,1,max,1,connection,1,n,1,),1,
writer,1,out,1,new,1,print,1,max,1,connection,1,
client,2,my,2,proc,2,thread,2,new,2,max,1,connection,1,n,1,incoming,1,isr,1,in,1,out,1,),1,
proc,2,my,2,client,2,thread,2,new,2,max,1,connection,1,n,1,incoming,1,isr,1,in,1,out,1,),1,
member,2,n,1,
server,1,incoming,1,n,1,
buttons,1,i,1,new,1,j,1,
